sic2,sic4,sic4desc,industry_name
50,5012,Wholesaler Of Motor Vehicles,Wholesale Trade
50,5013,Wholesaler Of Automotive Parts And Supplies,Wholesale Trade
50,5014,Wholesaler Of Tires/Tubes,Wholesale Trade
50,5015,Wholesaler Of Used Auto Parts,Wholesale Trade
50,5021,Wholesaler Of Furniture,Wholesale Trade
50,5023,Wholesaler Of Homefurnishings,Wholesale Trade
50,5031,Wholesaler Of Lumber/Related Materials,Wholesale Trade
50,5032,Wholesaler Of Brick/Stone Materials,Wholesale Trade
50,5033,Wholesaler Of Roofing/Siding/Insulation,Wholesale Trade
50,5039,Wholesaler Of Construction Materials,Wholesale Trade
50,5043,Wholesaler Of Photo Equipment,Wholesale Trade
50,5044,Wholesaler Of Office Equipment,Wholesale Trade
50,5045,Wholesaler Of Computers/Peripherals,Wholesale Trade
50,5046,Wholesaler Of Commercial Equipment,Wholesale Trade
50,5047,Wholesaler Of Medical Equipment,Wholesale Trade
50,5048,Wholesaler Of Ophthalmic Goods,Wholesale Trade
50,5049,Wholesaler Of Professional Equipment,Wholesale Trade
50,5052,Wholesaler Of Minerals/Ores,Wholesale Trade
50,5063,Wholesaler Of Electrical Equipment,Wholesale Trade
50,5064,Wholesaler Of Electrical Appliances,Wholesale Trade
50,5065,Wholesaler Of Electronic Supplies,Wholesale Trade
50,5072,Wholesaler Of Hardware,Wholesale Trade
50,5074,Whlsaler Of Plumbing And Hydronic Heating Supplies,Wholesale Trade
50,5075,Wholesaler Of Warm Air Heating And Air Conditioning,Wholesale Trade
50,5078,Wholesaler Of Refrigeration Equipment And Supplies,Wholesale Trade
50,5082,Wholesaler Of Construction And Mining Machinery,Wholesale Trade
50,5083,Wholesaler Of Farm And Garden Machinery,Wholesale Trade
50,5084,Wholesale Industrial Machinery/Equipment,Wholesale Trade
50,5085,Wholesaler Of Industrial Supplies,Wholesale Trade
50,5087,Wholesaler Of Service Establishment Equipment,Wholesale Trade
50,5088,Wholesaler Of Transportation Equipment And Supplies,Wholesale Trade
50,5091,Wholesaler Of Sporting And Recreation Goods,Wholesale Trade
50,5092,Wholesaler Of Toys And Hobby Goods And Supplies,Wholesale Trade
50,5093,Wholesaler Of Scrap And Waste Materials,Wholesale Trade
50,5094,Wholesaler Of Jewelry And Precious Stones,Wholesale Trade
50,5099,Wholesaler Of Durable Goods,Wholesale Trade
51,5111,Wholesaler Of Printing And Writing Paper,Wholesale Trade
51,5112,Wholesaler Of Stationery And Office Supplies,Wholesale Trade
51,5113,Wholesaler Of Industrial And Personal Service Paper,Wholesale Trade
51,5122,Wholesaler Of Drugs Proprietaries And Sundries,Wholesale Trade
51,5131,Wholesaler Of Piece Goods And Notions,Wholesale Trade
51,5136,Wholesaler Of Men's And Boy's Clothing,Wholesale Trade
51,5137,Wholesaler Of Women's And Children's Clothing,Wholesale Trade
51,5139,Wholesaler Of Footwear,Wholesale Trade
51,5141,"Wholesaler Of Groceries, General Line",Wholesale Trade
51,5142,Wholesaler Of Packaged Frozen Goods,Wholesale Trade
51,5143,"Wholesaler Of Dairy Products, Except Dried Or Canned",Wholesale Trade
51,5144,Wholesaler Of Poultry And Poultry Products,Wholesale Trade
51,5145,Wholesaler Of Confectionery,Wholesale Trade
51,5146,Wholesaler Of Fish And Seafoods,Wholesale Trade
51,5147,Wholesaler Of Meats And Meat Products,Wholesale Trade
51,5148,Wholesaler Of Fresh Fruits And Vegetables,Wholesale Trade
51,5149,Wholesaler Of Groceries And Related Products,Wholesale Trade
51,5153,Wholesaler Of Grain And Field Beans,Wholesale Trade
51,5154,Wholesaler Of Livestock,Wholesale Trade
51,5159,Wholesaler Of Farm-Product Raw Materials,Wholesale Trade
51,5162,Wholesaler Of Plastic Materials And Basic Shapes,Wholesale Trade
51,5169,Wholesaler Of Chemicals And Allied Products,Wholesale Trade
51,5172,Wholesaler Of Petroleum Products,Wholesale Trade
51,5181,Wholesaler Of Beer And Ale,Wholesale Trade
51,5182,Wholesaler Of Wine And Distilled Beverages,Wholesale Trade
51,5191,Wholesaler Of Farm Supplies,Wholesale Trade
51,5192,"Wholesaler Of Books, Periodicals And Newspapers",Wholesale Trade
51,5193,Wholesaler Of Flowers And Florists' Supplies,Wholesale Trade
51,5194,Wholesaler Of Tobacco And Tobacco Products,Wholesale Trade
51,5198,"Wholesaler Of Paints, Varnishes And Supplies",Wholesale Trade
51,5199,Wholesaler Of Nondurable Goods,Wholesale Trade
16,1623,Water/Sewer/Utility Contractor,Transportation and Public Utilities
17,1711,Plumbing/Heating/Ac Contractor,Transportation and Public Utilities
16,1611,Highway/Street Construction Contractor,Transportation and Public Utilities
16,1622,Bridge/Tunnel Construction Contractor,Transportation and Public Utilities
40,4011,Railroad Line-Haul Operator,Transportation and Public Utilities
40,4013,Rail Terminal Services,Transportation and Public Utilities
41,4111,Local/Suburban Transport Services,Transportation and Public Utilities
41,4119,Local Passenger Transport Services,Transportation and Public Utilities
41,4121,Taxicab Service,Transportation and Public Utilities
41,4131,Intercity/Rural Bus Line,Transportation and Public Utilities
41,4141,Local Bus Charter Service,Transportation and Public Utilities
41,4142,Bus Charter Service,Transportation and Public Utilities
41,4151,School Bus Service,Transportation and Public Utilities
7,741,Veterinary Services-Livestock,Services
7,742,Veterinary Services,Services
7,751,Livestock Services,Services
7,752,Animal Services,Services
7,781,Landscape Services,Services
7,782,Lawn And Garden Services,Services
7,783,Shrub And Tree Services,Services
8,831,Forest Product Gathering Service,Services
8,851,Forestry Services,Services
27,2711,Newspaper Publisher,Services
27,2721,Periodical Publisher,Services
27,2731,Book Publisher,Services
27,2732,Book Printer,Services
27,2741,Miscellaneous Publisher,Services
27,2752,Lithographic Printer,Services
27,2754,Gravure Commercial Printer,Services
27,2759,Commercial Printer,Services
27,2789,Bookbinding/Related Work Services,Services
27,2791,Typesetting Services,Services
27,2796,Platemaking Services,Services
34,3471,Plating/Polishing Services,Services
34,3479,Coating/Engraving Services,Services
67,6794,Licensing Services,Services
72,7221,Portrait Studio,Services
72,7231,Beauty Shops,Services
72,7241,Barber Shop,Services
72,7251,Shoe Repair And Shoeshine Parlors,Services
72,7261,Funeral Service/Crematory,Services
72,7291,Tax Return Service,Services
72,7299,Personal Service,Services
73,7311,Advertising Agency,Services
73,7312,Outdoor Advertising Service,Services
73,7313,Advertising Representative,Services
73,7319,Advertising Service,Services
73,7331,Direct Mail Advertising Services,Services
73,7334,Photocopying Service,Services
73,7335,Commercial Photographer,Services
73,7336,Commercial Art/Graphic Design,Services
73,7338,Secretarial/Court Reporting Service,Services
73,7342,Pest Control Service,Services
73,7349,Building Maintenance Service,Services
73,7352,Medical Equipment Rental Service,Services
73,7353,Heavy Equipment Rental Service,Services
73,7359,Equipment Rental/Leasing Service,Services
73,7361,Employment Agency,Services
73,7363,Help Supply Services,Services
73,7371,Custom Computer Programming Services,Services
73,7372,Prepackaged Software Service,Services
73,7373,Computer Systems Design Services,Services
73,7374,Data Processing/Preparation Services,Services
73,7375,Information Retrieval Service,Services
73,7376,Computer Facility Management,Services
73,7377,Computer Rental/Leasing Services,Services
73,7378,Computer Maintenance Service,Services
73,7379,Computer Related Service,Services
73,7381,Detective/Armored Car Service,Services
73,7382,Security Systems Service,Services
73,7389,Business Service,Services
75,7514,Passenger Car Rental Service,Services
75,7515,Passenger Car Leasing Service,Services
75,7519,Utility Trailer Rental Service,Services
75,7521,Automobile Parking Service,Services
75,7532,Auto Body Repair And Painting,Services
75,7533,Auto Exhaust Repair Service,Services
75,7534,Tire Repair Service,Services
75,7536,Automotive Glass Replacement Service,Services
75,7537,Automotive Transmission Repair Service,Services
75,7538,General Automotive Repair Service,Services
75,7539,Automotive Repair Service,Services
75,7549,Automotive Service,Services
76,7622,Consumer Electronics Repair Service,Services
76,7623,Refrigeration/Ac Service,Services
76,7629,Electrical Repair Shop,Services
76,7631,Clock/Jewelry Repair Shop,Services
76,7641,Reupholstery/Furniture Repair,Services
76,7692,Welding Service,Services
76,7694,Armature Rewinding Service,Services
76,7699,Repair Services,Services
78,7812,Motion Picture/Video Producer,Services
78,7819,Motion Picture Service,Services
78,7822,Film/Video Distribution Service,Services
78,7829,Motion Picture Service,Services
79,7922,Theatrical Producers/Service,Services
79,7929,Public Entertainment Service,Services
79,7941,Professional Sports Service,Services
79,7999,Recreation Service,Services
80,8011,Medical Doctor's Office,Services
80,8021,Dentist's Office,Services
80,8041,Chiropractor's Office,Services
80,8042,Optometrist's Office,Services
80,8043,Podiatrist's Office,Services
80,8049,Health Practitioner's Office,Services
80,8051,Skilled Nurse Care Facility,Services
80,8052,Intermediate Care Facility,Services
80,8059,Nursing/Personal Care Service,Services
80,8062,General Hospital,Services
80,8063,Psychiatric Hospital,Services
80,8069,Specialty Hospital,Services
80,8071,Medical Laboratory,Services
80,8072,Dental Laboratory,Services
80,8082,Home Health Care Service,Services
80,8092,Kidney Dialysis Center,Services
80,8093,Specialty Outpatient Clinic,Services
80,8099,Health/Allied Service,Services
81,8111,Legal Service,Services
82,8211,Elementary/Secondary School,Services
82,8221,College/University,Services
82,8222,Jr College/Technical School,Services
82,8231,Library,Services
82,8243,Data Processing School,Services
82,8244,Business/Secretarial School,Services
82,8249,Vocational School,Services
82,8299,School/Educational Service,Services
83,8322,Individual/Family Service,Services
83,8331,Job Training/Related Service,Services
83,8351,Child Day Care Service,Services
83,8361,Residential Care Service,Services
83,8399,Social Service,Services
84,8412,Museum,Services
52,5211,Retailer Of Lumber And Other Building Materials,Retail Trade
52,5231,"Retailer Of Paint, Glass And Wallpaper",Retail Trade
52,5251,Retailer Of Hardware,Retail Trade
52,5261,Retailer Of Nurseries And Garden Centers,Retail Trade
52,5271,Retailer Of Mobile Homes,Retail Trade
53,5311,Retail Department Stores,Retail Trade
53,5331,Retail Variety Stores,Retail Trade
53,5399,Retailer Of Miscellaneous General Merchandise,Retail Trade
54,5411,Retailer Of Groceries,Retail Trade
54,5421,Retailer Of Meat And Fish,Retail Trade
54,5431,Retailer Of Fruit And Vegetable Markets,Retail Trade
54,5441,"Retailer Of Candy, Nut And Confectionery",Retail Trade
54,5451,Retailer Of Dairy Products,Retail Trade
54,5461,Retail Bakeries,Retail Trade
54,5499,Miscellaneous Food Stores,Retail Trade
55,5511,Retailer Of Automobiles,Retail Trade
55,5521,Retailer Of Used Automobiles,Retail Trade
55,5531,Retailer Of Automotive And Home Supplies,Retail Trade
55,5541,Gasoline Service Stations,Retail Trade
55,5551,Retailer Of Boats,Retail Trade
55,5561,Recreational Vehicle Dealers,Retail Trade
55,5571,Retailer Of Motorcycles,Retail Trade
55,5599,Retailer Of Miscellaneous Vehicles,Retail Trade
56,5611,Men's And Boys' Clothing Stores,Retail Trade
56,5621,Retailer Of Women's Clothing,Retail Trade
56,5632,Women's Accessory And Specialty Stores,Retail Trade
56,5641,Retailer Of Children's Wear,Retail Trade
56,5651,Retailer Of Family Clothing,Retail Trade
56,5661,Retailer Of Shoes,Retail Trade
56,5699,Retailer Of Apparel And Accessories,Retail Trade
57,5712,Retailer Of Furniture,Retail Trade
57,5713,Retailer Of Floor Covering,Retail Trade
57,5714,Retailer Of Draperies And Upholstries,Retail Trade
57,5719,Retailer Of Home Furnishings,Retail Trade
57,5722,Retailer Of Household Appliance,Retail Trade
57,5731,"Radio, Television, And Electronic Stores",Retail Trade
57,5734,Retailer Of Computers And Software,Retail Trade
57,5735,Retailer Of Record And Prerecorded Music,Retail Trade
57,5736,Retailer Of Musical Instruments,Retail Trade
59,5912,Drug Stores And Proprietary Stores,Retail Trade
59,5921,Retailer Of Alcoholic Beverage,Retail Trade
59,5932,Retailer Of Used Merchandise,Retail Trade
59,5941,Retailer Of Sporting Goods,Retail Trade
59,5942,Retailer Of Books,Retail Trade
59,5943,Retailer Of Stationery,Retail Trade
59,5944,Retailer Of Jewelry,Retail Trade
59,5945,Retailer Of Toys And Games,Retail Trade
59,5946,Retailer Of Photo Supplies,Retail Trade
59,5947,Retailer Of Gifts And Novelties,Retail Trade
59,5948,Retailer Of Luggage And Leather Goods,Retail Trade
59,5961,Mail-Order Retailer,Retail Trade
59,5963,Direct Retail Sales,Retail Trade
59,5983,Retailer Of Fuel Oil,Retail Trade
59,5984,Liquefied Petroleum Gas Dealers,Retail Trade
59,5989,Retail Fuel Dealer,Retail Trade
59,5992,Retail Florist,Retail Trade
59,5993,Tobacco Stores And Stands,Retail Trade
59,5994,Retail News Dealer,Retail Trade
59,5995,Retailer Of Optical Goods,Retail Trade
59,5999,Retailer Of Miscellaneous Merchandise,Retail Trade
20,2013,Manufacturer Of Prepared Meat,Manufacturing
20,2021,Manufacturer Of Creamery Butt,Manufacturing
20,2022,Manufacturer Of Cheese,Manufacturing
20,2023,Manufacturer Of Dry/Dairy Products,Manufacturing
20,2024,Manufacturer Of Frozen Desser,Manufacturing
20,2026,Manufacturer Of Fluid Milk,Manufacturing
20,2032,Manufacturer Of Canned Specialties,Manufacturing
20,2033,Manufacturer Of Canned Fruits,Manufacturing
20,2034,Manufacturer Of Dried Fruits/Vegetables,Manufacturing
20,2035,Manufacturer Of Pickles/Sauce,Manufacturing
20,2037,Manufacturer Of Frozen Fruits,Manufacturing
20,2038,Manufacturer Of Frozen Foods,Manufacturing
20,2041,Manufacturer Of Grain Mill Products,Manufacturing
20,2043,Manufacturer Of Cereal Breakfast Food,Manufacturing
20,2045,Manufacturer Of Prepared Flour Mixes/Dough,Manufacturing
20,2047,Manufacturer Of Pet Food,Manufacturing
20,2048,Manufacturer Of Prepared Feed,Manufacturing
20,2051,Manufacturer Of Bakery Products,Manufacturing
20,2052,Manufacturer Of Cookies/Crackers,Manufacturing
20,2053,Manufacturer Of Frozen Bakery Products,Manufacturing
20,2061,Manufacturer Of Raw Cane Sugar,Manufacturing
20,2064,Manufacturer Of Confectionery,Manufacturing
20,2066,Manufacturer Of Chocolate/Cocoa Products,Manufacturing
20,2067,Manufacturer Of Chewing Gum,Manufacturing
20,2068,Manufacturer Of Salted/Roasted Peanuts,Manufacturing
20,2077,Manufacturer Of Inedible Animal Fats/Oils,Manufacturing
20,2079,Manufacturer Of Edible Fats/Oils,Manufacturing
20,2082,Manufacturer Of Malt Beverage,Manufacturing
20,2084,Manufacturer Of Wines/Brandy/Spirits,Manufacturing
20,2085,Manufacturer Of Distilled/Blended Liquors,Manufacturing
20,2086,Manufacturer Of Soft Drinks,Manufacturing
20,2087,Manufacturer Of Flavor Extracts/Syrups,Manufacturing
20,2095,Manufacturer Of Coffee,Manufacturing
20,2096,Manufacturer Of Potato Chips/Snacks,Manufacturing
20,2097,Manufacturer Of Ice,Manufacturing
20,2098,Manufacturer Of Macaroni/Spaghetti,Manufacturing
20,2099,Manufacturer Of Food Preparations,Manufacturing
21,2111,Manufacturer Of Cigarettes,Manufacturing
21,2121,Manufacturer Of Cigars,Manufacturing
22,2251,Manufacturer Of Women's Hosiery,Manufacturing
22,2252,Hosiery Manufacturer,Manufacturing
22,2295,Manufacturer Of Coated Fabric,Manufacturing
22,2297,Manufacturer Of Nonwoven Fabrics,Manufacturing
22,2298,Manufacturer Of Fiber Cordage,Manufacturing
22,2299,Manufacturer Of Textile Goods,Manufacturing
23,2311,Manufacturer Of Men's Suits/Coats,Manufacturing
23,2321,Manufacturer Of Men's Furnish,Manufacturing
23,2323,Manufacturer Of Men's Neckwear,Manufacturing
23,2325,Manufacturer Of Men's Trouser,Manufacturing
23,2326,Manufacturer Of Men's Work Clothing,Manufacturing
23,2329,Manufacturer Of Men's Clothing,Manufacturing
23,2331,Manufacturer Of Women' Blouses,Manufacturing
23,2335,Manufacturer Of Women's Dresses,Manufacturing
23,2337,Manufacturer Of Women's Suits,Manufacturing
23,2339,Manufacturer Of Women's Outerwear,Manufacturing
23,2341,Manufacturer Of Women's Underwear,Manufacturing
23,2342,Manufacturer Of Bras/Girdles,Manufacturing
23,2353,Manufacturer Of Hats/Milliner,Manufacturing
23,2361,Manufacturer Of Girls' Dresses,Manufacturing
23,2369,Manufacturer Of Girls' Outerwear,Manufacturing
23,2371,Manufacturer Of Fur Goods,Manufacturing
23,2381,Manufacturer Of Fabric Gloves,Manufacturing
23,2385,Manufacturer Of Waterproof Outerwear,Manufacturing
23,2386,Manufacturer Of Leather Clothing,Manufacturing
23,2387,Manufacturer Of Apparel Belts,Manufacturing
23,2389,Manufacturer Of Accessory Apparel,Manufacturing
23,2391,Manufacturer Of Curtains/Draperies,Manufacturing
23,2392,Manufacturer Of Household Furnishings,Manufacturing
23,2393,Manufacturer Of Textile Bags,Manufacturing
23,2394,Manufacturer Of Canvas/Relate,Manufacturing
23,2396,Manufacturer Of Apparel Trimm,Manufacturing
23,2397,Manufacturer Of Schiffli Embroideries,Manufacturing
23,2399,Manufacturer Of Fabricated Textile Items,Manufacturing
24,2431,Manufacturer Of Millwork,Manufacturing
24,2434,Manufacturer Of Wood Kitchen,Manufacturing
24,2435,Manufacturer Of Hardwood Veneer/Plywood,Manufacturing
24,2439,Manufacturer Of Structural Wood Members,Manufacturing
24,2441,Manufacturer Of Wood Boxes/Shook,Manufacturing
24,2448,Manufacturer Of Wood Pallets/Skids,Manufacturing
24,2449,Manufacturer Of Wood Containers,Manufacturing
24,2451,Manufacturer Of Mobile Homes,Manufacturing
24,2452,Manufacturer Of Prefab Wood Buildings,Manufacturing
24,2493,Manufacturer Of Reconstituted Wood Items,Manufacturing
24,2499,Manufacturer Of Wood Products,Manufacturing
25,2511,Manufacturer Of Wood Household Furniture,Manufacturing
25,2512,Manufacturer Of Upholstered Furniture,Manufacturing
25,2514,Manufacturer Of Metal Household Furniture,Manufacturing
25,2515,Manufacturer Of Mattresses/Bedsprings,Manufacturing
25,2519,Manufacturer Of Household Furniture,Manufacturing
25,2521,Manufacturer Of Wood Office Furniture,Manufacturing
25,2522,Manufacturer Of Office Furniture,Manufacturing
25,2531,Manufacturer Of Public Building Furniture,Manufacturing
25,2541,Manufacturer Of Wood Partitions/Fixtures,Manufacturing
25,2542,Manufacturer Of Partitions/Fixtures,Manufacturing
25,2591,Manufacturer Of Drapery Hardware/Blinds,Manufacturing
25,2599,Manufacturer Of Furniture/Fixtures,Manufacturing
26,2652,Manufacturer Of Setup Paperboard Boxes,Manufacturing
26,2653,Manufacturer Of Solid Fiber Boxes,Manufacturing
26,2655,Manufacturer Of Fiber Cans/Drums,Manufacturing
26,2656,Manufacturer Of Sanitary Food,Manufacturing
26,2657,Manufacturer Of Folding Paper,Manufacturing
26,2671,Manufacturer Of Packaging Paper/Film,Manufacturing
26,2672,Manufacturer Of Coated/Laminator Paper,Manufacturing
26,2673,Manufacturer Of Plastic/Coated Paper Bags,Manufacturing
26,2674,Manufacturer Of Uncoated Pape,Manufacturing
26,2675,Manufacturer Of Die-Cut Paper,Manufacturing
26,2676,Manufacturer Of Sanitary Paper Products,Manufacturing
26,2677,Manufacturer Of Envelopes,Manufacturing
26,2678,Manufacturer Of Stationery Products,Manufacturing
26,2679,Manufacturer Of Converted Pap,Manufacturing
27,2761,Manufacturer Of Manifold Business Forms,Manufacturing
27,2771,Manufacturer Of Greeting Cards,Manufacturing
27,2782,Manufacturer Of Blankbooks/Binders,Manufacturing
28,2812,Manufacturer Of Alkalies/Chlorine,Manufacturing
28,2813,Manufacturer Of Industrial Gases,Manufacturing
28,2816,Manufacturer Of Inorganic Pigments,Manufacturing
28,2819,Manufacturer Of Inorganic Chemicals,Manufacturing
28,2821,Manufacturer Of Plastic Mater,Manufacturing
28,2823,Manufacturer Of Cellulosic Man-Made Fibers,Manufacturing
28,2824,Manufacturer Of Organic Fiber,Manufacturing
28,2833,Manufacturer Of Medicinals/Botanicals,Manufacturing
28,2834,Manufacturer Of Pharmaceuticals,Manufacturing
28,2835,Manufacturer Of Diagnostic Substances,Manufacturing
28,2836,Manufacturer Of Biological Products,Manufacturing
28,2841,Manufacturer Of Soap Products,Manufacturing
28,2842,Manufacturer Of Cleaning/Polishing Goods,Manufacturing
28,2843,Manufacturer Of Surface Active Agents,Manufacturing
28,2844,Manufacturer Of Toilet Preparations,Manufacturing
28,2851,Manufacturer Of Paints/Related Products,Manufacturing
28,2861,Manufacturer Of Wood Chemical,Manufacturing
28,2865,Manufacturer Of Cyclic Crude/Intermediates,Manufacturing
28,2869,Manufacturer Of Organic Chemicals,Manufacturing
28,2873,Manufacturer Of Nitrogenous Fertilizers,Manufacturing
28,2879,Manufacturer Of Agricultural Chemicals,Manufacturing
28,2891,Manufacturer Of Adhesives/Sealants,Manufacturing
28,2892,Manufacturer Of Explosives,Manufacturing
28,2893,Manufacturer Of Printing Ink,Manufacturing
28,2895,Manufacturer Of Carbon Black,Manufacturing
28,2899,Manufacturer Of Chemical Preparations,Manufacturing
29,2951,Manufacturer Of Asphalt Mixtures/Blocks,Manufacturing
29,2952,Manufacturer Of Asphalt Felts,Manufacturing
29,2992,Manufacturer Of Lubricating Oils/Greases,Manufacturing
30,3011,Manufacturer Of Tires/Inner Tubes,Manufacturing
30,3052,Manufacturer Of Rubber Hoses/Belting,Manufacturing
30,3053,Manufacturer Of Gasket/Packing Devices,Manufacturing
30,3061,Manufacturer Of Mechanical Rubber Goods,Manufacturing
30,3069,Manufacturer Of Fabricated Rubber Products,Manufacturing
30,3081,Manufacturer Of Unsupported Plastic Film,Manufacturing
30,3082,Manufacturer Of Plastic Profile Shapes,Manufacturing
30,3083,Manufacturer Of Laminated Plastic Plates,Manufacturing
30,3084,Manufacturer Of Plastic Pipe,Manufacturing
30,3085,Manufacturer Of Plastic Bottles,Manufacturing
30,3086,Manufacturer Of Plastic Foam Products,Manufacturing
30,3088,Manufacturer Of Plastic Plumbing Fixtures,Manufacturing
30,3089,Manufacturer Of Plastic Products,Manufacturing
31,3131,Manufacturer Of Boot/Shoe Cut Stock,Manufacturing
31,3143,Manufacturer Of Men's Footwear,Manufacturing
31,3144,Manufacturer Of Women's Footwear,Manufacturing
31,3149,Manufacturer Of Footwear,Manufacturing
31,3151,Manufacturer Of Leather Gloves/Mittens,Manufacturing
31,3161,Manufacturer Of Luggage,Manufacturing
31,3171,Manufacturer Of Women's Handbags,Manufacturing
31,3172,Manufacturer Of Personal Leather Goods,Manufacturing
31,3199,Manufacturer Of Leather Goods,Manufacturing
32,3211,Manufacturer Of Flat Glass,Manufacturing
32,3221,Manufacturer Of Glass Contain,Manufacturing
32,3229,Manufacturer Of Pressed/Blown Glass,Manufacturing
32,3231,Manufacturer Of Glass Product,Manufacturing
32,3241,Manufacturer Of Hydraulic Cement,Manufacturing
32,3251,Manufacturer Of Brick/Structural Tile,Manufacturing
32,3253,Manufacturer Of Ceramic Wall/Floor Tile,Manufacturing
32,3255,Manufacturer Of Clay Refractories,Manufacturing
32,3259,Manufacturer Of Structural Clay Products,Manufacturing
32,3261,Manufacturer Of Vitreous Plum,Manufacturing
32,3262,Manufacturer Of Vitreous China,Manufacturing
32,3264,Manufacturer Of Porcelain Electrical Items,Manufacturing
32,3269,Manufacturer Of Pottery Products,Manufacturing
32,3271,Manufacturer Of Concrete Blocks/Bricks,Manufacturing
32,3272,Manufacturer Of Concrete Products,Manufacturing
32,3273,Manufacturer Of Ready-Mixed Concrete,Manufacturing
32,3274,Manufacturer Of Lime Products,Manufacturing
32,3275,Manufacturer Of Gypsum Products,Manufacturing
32,3281,Manufacturer Of Cut Stone Products,Manufacturing
32,3291,Manufacturer Of Abrasive Products,Manufacturing
32,3292,Manufacturer Of Asbestos Products,Manufacturing
32,3295,Manufacturer Of Treated Minerals,Manufacturing
32,3296,Manufacturer Of Mineral Wool,Manufacturing
32,3297,Manufacturer Of Nonclay Refractory Items,Manufacturing
32,3299,Manufacturer Of Nonmetallic Mineral Items,Manufacturing
33,3315,Manufacturer Of Steel Wire Products,Manufacturing
33,3316,Manufacturer Of Cold-Rolled Steel Shapes,Manufacturing
33,3317,Manufacturer Of Steel Pipe/Tubes,Manufacturing
33,3351,Manufacturer Of Copper Rollin,Manufacturing
33,3354,Manufacturer Of Aluminum Extruded Products,Manufacturing
33,3355,Manufacturer Of Aluminum Rolling/Drawing,Manufacturing
33,3357,Manufacturer Of Wiredrawing/Insulating,Manufacturing
33,3363,Manufacturer Of Aluminum Die-Castings,Manufacturing
33,3364,Manufacturer Of Nonferrous Die-Castings,Manufacturing
33,3399,Manufacturer Of Primary Metal,Manufacturing
34,3411,Manufacturer Of Metal Cans,Manufacturing
34,3412,Manufacturer Of Metal Barrels/Pails,Manufacturing
34,3421,Manufacturer Of Cutlery,Manufacturing
34,3423,Manufacturer Of Hand Tools,Manufacturing
34,3425,Manufacturer Of Handsaws/Blades,Manufacturing
34,3429,Manufacturer Of Hardware,Manufacturing
34,3431,Manufacturer Of Metal Sanitary Ware,Manufacturing
34,3432,Manufacturer Of Plumbing Fixture/Fittings,Manufacturing
34,3433,Manufacturer Of Heating Equipment,Manufacturing
34,3442,Manufacturer Of Metal Doors/Related Trim,Manufacturing
34,3443,Manufacturer Of Fabricated Plate Work,Manufacturing
34,3444,Manufacturer Of Sheet Metalwork,Manufacturing
34,3446,Manufacturer Of Architectural,Manufacturing
34,3448,Manufacturer Of Prefab Metal,Manufacturing
34,3449,Manufacturer Of Structural Metalwork,Manufacturing
34,3451,Manufacturer Of Screw Machine Products,Manufacturing
34,3452,Manufacturer Of Fasteners,Manufacturing
34,3462,Manufacturer Of Iron/Steel Forgings,Manufacturing
34,3465,Manufacturer Of Automotive Stampings,Manufacturing
34,3466,Manufacturer Of Crowns/Closures,Manufacturing
34,3469,Manufacturer Of Metal Stampings,Manufacturing
34,3482,Manufacturer Of Small Arms Ammunition,Manufacturing
34,3484,Manufacturer Of Small Arms,Manufacturing
34,3489,Manufacturer Of Ordnance/Accessories,Manufacturing
34,3491,Manufacturer Of Industrial Valves,Manufacturing
34,3492,Manufacturer Of Fluid Power Valves,Manufacturing
34,3494,Manufacturer Of Valves/Pipe Fittings,Manufacturing
34,3495,Manufacturer Of Wire Springs,Manufacturing
34,3496,Manufacturer Of Fabricated Wire Products,Manufacturing
34,3497,Manufacturer Of Metal Foil/Leaf,Manufacturing
34,3498,Manufacturer Of Fabricated Pipe Fittings,Manufacturing
34,3499,Manufacturer Of Fabricated Metal Products,Manufacturing
35,3511,Manufacturer Of Turbine/Generator Set,Manufacturing
35,3519,Manufacturer Of Engines And Parts,Manufacturing
35,3523,Manufacturer Of Farm Machinery/Equipment,Manufacturing
35,3524,Manufacturer Of Lawn And Garden Equipment,Manufacturing
35,3531,Manufacturer Of Construction Machinery,Manufacturing
35,3532,Manufacturer Of Mining Machinery,Manufacturing
35,3533,Manufacturer Of Oil/Gas Field,Manufacturing
35,3534,Manufacturer Of Elevators/Escalators,Manufacturing
35,3535,Manufacturer Of Conveyors/Equipment,Manufacturing
35,3536,Manufacturer Of Overhead Hoists/Cranes,Manufacturing
35,3537,Manufacturer Of Industrial Trucks/Trailers,Manufacturing
35,3541,Manufacturer Of Cutting Machine Tools,Manufacturing
35,3542,Manufacturer Of Machine Tools,Manufacturing
35,3543,Manufacturer Of Industrial Patterns,Manufacturing
35,3544,Manufacturer Of Special Dies/Tools/Jigs,Manufacturing
35,3545,Manufacturer Of Machine Tool,Manufacturing
35,3546,Manufacturer Of Powerdriven Hand Tolls,Manufacturing
35,3547,Manufacturer Of Rolling Mill,Manufacturing
35,3548,Manufacturer Of Welding Apparatus,Manufacturing
35,3549,Manufacturer Of Metalworking,Manufacturing
35,3552,Manufacturer Of Textile Machinery,Manufacturing
35,3553,Manufacturer Of Woodworking Machinery,Manufacturing
35,3554,Manufacturer Of Paper Industries Machinery,Manufacturing
35,3555,Manufacturer Of Printing Trades Machinery,Manufacturing
35,3556,Manufacturer Of Food Products,Manufacturing
35,3559,Manufacturer Of Industry Machinery,Manufacturing
35,3561,Manufacturer Of Pumps/Pumping,Manufacturing
35,3562,Manufacturer Of Bearings,Manufacturing
35,3563,Manufacturer Of Compressors,Manufacturing
35,3564,Manufacturer Of Blowers/Fans,Manufacturing
35,3565,Manufacturer Of Packaging Mac,Manufacturing
35,3566,Manufacturer Of Speed Changers/Drivers,Manufacturing
35,3567,Manufacturer Of Industrial Furnaces/Ovens,Manufacturing
35,3568,Manufacturer Of Transmission Equipment,Manufacturing
35,3569,Manufacturer Of Industrial Machinery,Manufacturing
35,3571,Manufacturer Of Electronic Computers,Manufacturing
35,3572,Manufacturer Of Computer Storage Devices,Manufacturing
35,3575,Manufacturer Of Computer Terminals,Manufacturing
35,3577,Manufacturer Of Computer Peripherals,Manufacturing
35,3578,Manufacturer Of Calculating Equipment,Manufacturing
35,3579,Manufacturer Of Office Machines,Manufacturing
35,3581,Manufacturer Of Vending Machines,Manufacturing
35,3582,Manufacturer Of Laundry Equipment,Manufacturing
35,3585,Manufacturer Of Ac/Heating Equipment,Manufacturing
35,3586,Manufacturer Of Measuring/Dispensing Pumps,Manufacturing
35,3589,Manufacturer Of Service Industry Machinery,Manufacturing
35,3592,Manufacturer Of Carburetors/Pistons,Manufacturing
35,3593,Manufacturer Of Fluid Power Cylinders,Manufacturing
35,3594,Manufacturer Of Fluid Power Pumps/Motors,Manufacturing
35,3596,Manufacturer Of Scales/Balances,Manufacturing
35,3599,Manufacturer Of Industrial Machinery,Manufacturing
36,3612,Manufacturer Of Transformers,Manufacturing
36,3613,Manufacturer Of Switchgears/Switchboards,Manufacturing
36,3621,Manufacturer Of Motors/Generators,Manufacturing
36,3624,Manufacturer Of Carbon/Graphite Products,Manufacturing
36,3625,Manufacturer Of Relays/Controls,Manufacturing
36,3629,Manufacturers Of Electrical Apparatus,Manufacturing
36,3631,Manufacturer Of Household Cooking Equipment,Manufacturing
36,3632,Manufacturer Of Household Refrigerators And Freezers,Manufacturing
36,3633,Manufacturer Of Household Laundry Equipment,Manufacturing
36,3634,Manufacturer Of Electric Housewares And Fans,Manufacturing
36,3635,Manufacturer Of Household Vacuum Cleaners,Manufacturing
36,3639,"Manufacturer Of Household Appliance , NEC",Manufacturing
36,3641,Manufacturer Of Electric Lamps,Manufacturing
36,3643,Manufacturer Of Conductive Wiring Devices,Manufacturing
36,3644,Manufacturer Of Nonconductive Wiring Items,Manufacturing
36,3645,Manufacturer Of Residential Light Fixtures,Manufacturing
36,3646,Manufacturer Of Commercial Light Fixtures,Manufacturing
36,3647,Manufacturer Of Vehicle Lighting Equipment,Manufacturing
36,3648,Manufacturer Of Lighting Equipment,Manufacturing
36,3651,Manufacturer Of Home Audio/Video Equipment,Manufacturing
36,3652,Manufacturer Of Prerecorded Records/Tapes,Manufacturing
36,3661,Manufacturer Of Telephone Apparatus,Manufacturing
36,3663,Manufacturer Of Broadcasting Equipment,Manufacturing
36,3669,Manufacturer Of Communications Equipment,Manufacturing
36,3671,Manufacturer Of Electron Tubes,Manufacturing
36,3672,Manufacturer Of Printed Circuit Boards,Manufacturing
36,3674,Manufacturer Of Semiconductor Devices,Manufacturing
36,3675,Manufacturer Of Electronic Capacitors,Manufacturing
36,3677,Manufacturer Of Electronic Inductors,Manufacturing
36,3678,Manufacturer Of Electronic Connectors,Manufacturing
36,3679,Manufacturer Of Electronic Components,Manufacturing
36,3691,Manufacturer Of Storage Batteries,Manufacturing
36,3692,Manufacturer Of Primary Batteries,Manufacturing
36,3694,Manufacturer Of Engine Electrical Products,Manufacturing
36,3695,Manufacturer Of Recording Media,Manufacturing
36,3699,Manufacturer Of Electrical Supplies,Manufacturing
37,3711,Manufacturer Of Motor Vehicle Bodies,Manufacturing
37,3713,Manufacturer Of Truck/Bus Bodies,Manufacturing
37,3714,Manufacturer Of Motor Vehicle Parts,Manufacturing
37,3715,Manufacturer Of Truck Trailers,Manufacturing
37,3721,Manufacturer Of Aircraft,Manufacturing
37,3724,Manufacturer Of Aircraft Engines And Parts,Manufacturing
37,3728,Manufacturer Of Aircraft Parts/Equipment,Manufacturing
37,3743,Manufacturer Of Railroad Equipment,Manufacturing
37,3751,Manufacturer Of Motorcycles/Bicycles,Manufacturing
37,3761,Manufacturer Of Missiles/Space Vehicles,Manufacturing
37,3769,Manufacturer Of Space Vehicle Equipment,Manufacturing
37,3792,Manufacturer Of Travel Trailers/Campers,Manufacturing
37,3795,Manufacturer Of Tanks/Tank Components,Manufacturing
37,3799,Manufacturer Of Transportation Equipment,Manufacturing
38,3812,Manufacturer Of Search/Navigation Systems,Manufacturing
38,3821,Manufacturer Of Lab Apparatus,Manufacturing
38,3822,Manufacturer Of Environmental,Manufacturing
38,3823,Manufacturer Of Process Control Instruments,Manufacturing
38,3824,Manufacturer Of Meters/Counting Devices,Manufacturing
38,3825,Manufacturer Of Electrical Measuring Items,Manufacturing
38,3826,Manufacturer Of Analytical Instruments,Manufacturing
38,3827,Manufacturer Of Optical Instruments/Lenses,Manufacturing
38,3829,Manufacturer Of Measuring Instruments,Manufacturing
38,3841,Manufacturer Of Surgical/Medical Apparatus,Manufacturing
38,3842,Manufacturer Of Surgical Appliances,Manufacturing
38,3843,Manufacturer Of Dental Equipment/Supplies,Manufacturing
38,3844,Manufacturer Of X-Ray Apparatus/Tubes,Manufacturing
38,3845,Manufacturer Of Electromedical Equipment,Manufacturing
38,3851,Manufacturer Of Ophthalmic Goods,Manufacturing
38,3861,Manufacturer Of Photo Equipment/Supplies,Manufacturing
38,3873,Manufacturer Of Watches/Clocks And Parts,Manufacturing
39,3911,Manufacturer Of Precious Metal Jewelry,Manufacturing
39,3914,Manufacturer Of Silverware/Plated Ware,Manufacturing
39,3915,Manufacturer Of Jewelers' Materials,Manufacturing
39,3931,Manufacturer Of Musical Instruments,Manufacturing
39,3942,Manufacturer Of Dolls/Stuffed Toys,Manufacturing
39,3944,Manufacturer Of Games/Toys,Manufacturing
39,3949,Manufacturer Of Sporting/Athletic Goods,Manufacturing
39,3951,Manufacturer Of Pens/Mechanical Customers,Manufacturing
39,3952,Manufacturer Of Artists' Materials,Manufacturing
39,3953,Manufacturer Of Marking Devices,Manufacturing
39,3961,Manufacturer Of Costume Jewelry,Manufacturing
39,3965,Manufacturer Of Apparel Fasteners,Manufacturing
39,3991,Manufacturer Of Brooms/Brushes,Manufacturing
39,3993,Manufacturer Of Advertising Displays,Manufacturing
39,3995,Manufacturer Of Burial Caskets,Manufacturing
39,3996,Manufacturer Of Hard Floor Coverings,Manufacturing
39,3999,Manufacturer Of Miscellaneous Products,Manufacturing
65,6512,Nonresidential Building Operators,"Finance, Insurance, and Real Estate"
65,6513,Apartment Building Operators,"Finance, Insurance, and Real Estate"
65,6514,"Dwelling Operators, Except Apartments","Finance, Insurance, and Real Estate"
65,6515,Mobile Home Site Operators,"Finance, Insurance, and Real Estate"
65,6519,Real Property Lessors,"Finance, Insurance, and Real Estate"
65,6531,Real Estate Agents And Managers,"Finance, Insurance, and Real Estate"
65,6541,Title Abstract Offices,"Finance, Insurance, and Real Estate"
65,6552,Land Developer,"Finance, Insurance, and Real Estate"
65,6553,Cemetery Subdividers And Developers,"Finance, Insurance, and Real Estate"
67,6798,Real Estate Investment Trusts,"Finance, Insurance, and Real Estate"
60,6021,National Commercial Banks,"Finance, Insurance, and Real Estate"
60,6022,State Commercial Banks,"Finance, Insurance, and Real Estate"
60,6029,Commercial Banks,"Finance, Insurance, and Real Estate"
60,6035,Federal Savings Institutions,"Finance, Insurance, and Real Estate"
60,6061,Federal Credit Unions,"Finance, Insurance, and Real Estate"
60,6062,State Credit Unions,"Finance, Insurance, and Real Estate"
60,6081,Foreign Banks,"Finance, Insurance, and Real Estate"
60,6082,Foreign Trade Company,"Finance, Insurance, and Real Estate"
60,6099,Depository Banking Services,"Finance, Insurance, and Real Estate"
61,6111,Federal Credit Agencies,"Finance, Insurance, and Real Estate"
61,6141,Personal Credit Institutions,"Finance, Insurance, and Real Estate"
61,6153,Short-Term Business Credit,"Finance, Insurance, and Real Estate"
61,6159,Miscellaneous Business Credit,"Finance, Insurance, and Real Estate"
61,6162,Mortgage Bankers And Correspondents,"Finance, Insurance, and Real Estate"
61,6163,Loan Broker,"Finance, Insurance, and Real Estate"
62,6211,Security Brokers And Dealers,"Finance, Insurance, and Real Estate"
62,6221,"Commodity Contracts Brokers, Dealers","Finance, Insurance, and Real Estate"
62,6231,Security And Commodity Exchanges,"Finance, Insurance, and Real Estate"
62,6282,Investment Advisory Services,"Finance, Insurance, and Real Estate"
62,6289,Security And Commodity Service,"Finance, Insurance, and Real Estate"
63,6311,Life Insurance Carrier,"Finance, Insurance, and Real Estate"
63,6321,Accident And Health Insurance,"Finance, Insurance, and Real Estate"
63,6324,Hospital And Medical Service Plans,"Finance, Insurance, and Real Estate"
63,6331,"Fire, Marine And Casualty Insurance","Finance, Insurance, and Real Estate"
63,6351,Surety Insurance Carrier,"Finance, Insurance, and Real Estate"
63,6361,Title Insurance Carrier,"Finance, Insurance, and Real Estate"
63,6371,"Pension, Health And Welfare Funds","Finance, Insurance, and Real Estate"
63,6399,Insurance Carriers,"Finance, Insurance, and Real Estate"
64,6411,"Insurance Agents, Brokers And Service","Finance, Insurance, and Real Estate"
67,6712,Bank Holding Companies,"Finance, Insurance, and Real Estate"
67,6719,Investment Holding Companies,"Finance, Insurance, and Real Estate"
67,6722,Open-End Management Investments,"Finance, Insurance, and Real Estate"
67,6726,Closed-End Investment Offices,"Finance, Insurance, and Real Estate"
67,6732,"Trusts: Educational, Religious, Etc.","Finance, Insurance, and Real Estate"
67,6733,Trust Management Office,"Finance, Insurance, and Real Estate"
67,6792,Oil Royalty Traders,"Finance, Insurance, and Real Estate"
67,6799,Investor Services,"Finance, Insurance, and Real Estate"
73,7322,Adjustment/Collection Service,"Finance, Insurance, and Real Estate"
73,7323,Credit Reporting Service,"Finance, Insurance, and Real Estate"
15,1521,Single-Family Homes Contractor,Construction
15,1522,Residential Construction Contractor,Construction
15,1531,Operative Builders,Construction
15,1541,Industrial Building Contractor,Construction
15,1542,Nonresidential Construction Contractor,Construction
16,1629,Heavy Construction Contractor,Construction
17,1721,Painting/Paper Hanging Contractor,Construction
17,1731,Electrical Contractor,Construction
17,1741,Masonry Contractor,Construction
17,1742,Drywall/Insulating Contractor,Construction
17,1743,Tile Contractor,Construction
17,1751,Carpenter,Construction
17,1752,Floor Laying Contractor,Construction
17,1761,Roofing/Siding Contractor,Construction
17,1771,Concrete Contractor,Construction
17,1781,Water Well Drilling Contractor,Construction
17,1791,Structural Steel Erection Contractor,Construction
17,1793,Glass/Glazing Contractor,Construction
17,1794,Excavation Contractor,Construction
17,1795,Demolition Contractor,Construction
17,1796,Installer Of Building Equipment,Construction
17,1799,Trade Contractor,Construction
1,111,Wheat Farm,"Agriculture, Forestry, and Fishing plus Mining"
1,115,Corn Farm,"Agriculture, Forestry, and Fishing plus Mining"
1,116,Soybean Farm,"Agriculture, Forestry, and Fishing plus Mining"
1,119,Cash Grains Farm,"Agriculture, Forestry, and Fishing plus Mining"
1,131,Cotton Farm,"Agriculture, Forestry, and Fishing plus Mining"
1,133,Sugarcane/Sugar Beet Farm,"Agriculture, Forestry, and Fishing plus Mining"
1,134,Irish Potato Farm,"Agriculture, Forestry, and Fishing plus Mining"
1,139,Field Crop Farm,"Agriculture, Forestry, and Fishing plus Mining"
1,161,Vegetable/Melon Farm,"Agriculture, Forestry, and Fishing plus Mining"
1,171,Berry Crop Farm,"Agriculture, Forestry, and Fishing plus Mining"
1,172,Grape Vineyard,"Agriculture, Forestry, and Fishing plus Mining"
1,173,Tree Nut Grove,"Agriculture, Forestry, and Fishing plus Mining"
1,174,Citrus Fruit Grove,"Agriculture, Forestry, and Fishing plus Mining"
1,175,Fruit Tree Orchard,"Agriculture, Forestry, and Fishing plus Mining"
1,179,Fruit/Nut Farm,"Agriculture, Forestry, and Fishing plus Mining"
1,181,Ornamental Nursery,"Agriculture, Forestry, and Fishing plus Mining"
1,182,Food Crops Grown Under Cover,"Agriculture, Forestry, and Fishing plus Mining"
1,191,General Crop Farm,"Agriculture, Forestry, and Fishing plus Mining"
2,211,Beef Cattle/Feedlot,"Agriculture, Forestry, and Fishing plus Mining"
2,212,Beef Cattle,"Agriculture, Forestry, and Fishing plus Mining"
2,213,Hog Farm/Feedlot,"Agriculture, Forestry, and Fishing plus Mining"
2,214,Sheep/Goat Farm,"Agriculture, Forestry, and Fishing plus Mining"
2,219,General Livestock Farm,"Agriculture, Forestry, and Fishing plus Mining"
2,241,Dairy Farm,"Agriculture, Forestry, and Fishing plus Mining"
2,251,Chicken Farm,"Agriculture, Forestry, and Fishing plus Mining"
2,252,Chicken Egg Farm,"Agriculture, Forestry, and Fishing plus Mining"
2,254,Poultry Hatchery,"Agriculture, Forestry, and Fishing plus Mining"
2,259,Poultry/Poultry Egg Farm,"Agriculture, Forestry, and Fishing plus Mining"
2,271,Fur Bearing Animal Farm,"Agriculture, Forestry, and Fishing plus Mining"
2,272,Equines Farm,"Agriculture, Forestry, and Fishing plus Mining"
2,273,Fish/Shellfish Farm,"Agriculture, Forestry, and Fishing plus Mining"
2,279,Animal Farm,"Agriculture, Forestry, and Fishing plus Mining"
2,291,General Animal Farm,"Agriculture, Forestry, and Fishing plus Mining"
7,711,Soil Preparation Services,"Agriculture, Forestry, and Fishing plus Mining"
7,721,Crop Planting/Protecting,"Agriculture, Forestry, and Fishing plus Mining"
7,722,Crop Harvesting Services,"Agriculture, Forestry, and Fishing plus Mining"
7,723,Crop Preparation For Market,"Agriculture, Forestry, and Fishing plus Mining"
7,761,Farm Labor Contractor,"Agriculture, Forestry, and Fishing plus Mining"
7,762,Farm Management Services,"Agriculture, Forestry, and Fishing plus Mining"
8,811,Timber Tract Operation,"Agriculture, Forestry, and Fishing plus Mining"
9,912,Finfish Fishery,"Agriculture, Forestry, and Fishing plus Mining"
9,913,Shellfish Fishery,"Agriculture, Forestry, and Fishing plus Mining"
9,921,Fish Hatchery/Preserve,"Agriculture, Forestry, and Fishing plus Mining"
9,971,Game Management,"Agriculture, Forestry, and Fishing plus Mining"
10,1011,Iron Ore Mine,"Agriculture, Forestry, and Fishing plus Mining"
12,1221,Coal/Lignite Surface Mine,"Agriculture, Forestry, and Fishing plus Mining"
12,1241,Coal Mining Services,"Agriculture, Forestry, and Fishing plus Mining"
13,1311,Petroleum/Gas Production,"Agriculture, Forestry, and Fishing plus Mining"
13,1381,Oil/Gas Well Driller,"Agriculture, Forestry, and Fishing plus Mining"
13,1382,Oil/Gas Exploration Services,"Agriculture, Forestry, and Fishing plus Mining"
13,1389,Oil/Gas Field Services,"Agriculture, Forestry, and Fishing plus Mining"
14,1411,Dimension Stone Quarry,"Agriculture, Forestry, and Fishing plus Mining"
14,1422,Crushed Limestone Producer,"Agriculture, Forestry, and Fishing plus Mining"
14,1429,Crushed Stone Producer,"Agriculture, Forestry, and Fishing plus Mining"
14,1442,Construction Sand/Gravel Producer,"Agriculture, Forestry, and Fishing plus Mining"
14,1459,Clay/Related Mineral Mine,"Agriculture, Forestry, and Fishing plus Mining"
14,1479,Mineral Raw Material Mine,"Agriculture, Forestry, and Fishing plus Mining"
14,1499,Nonmetallic Mineral Mine,"Agriculture, Forestry, and Fishing plus Mining"
58,5812,Eating Places,Services
58,5813,Drinking Places,Services
70,7011,Hotels And Motels,Services
70,7021,Rooming And Boarding Houses,Services
70,7041,Membership-Basis Organization Hotels,Services
20,2011,Meat Packing Plant,Nonclassified Establishments
20,2015,Poultry Processer,Nonclassified Establishments
20,2046,Wet Corn Mill,Nonclassified Establishments
20,2062,Cane Sugar Refiner,Nonclassified Establishments
20,2074,Cottonseed Oil Mill,Nonclassified Establishments
20,2076,Vegetable Oil Mill,Nonclassified Establishments
20,2091,Canner/Cures Seafood,Nonclassified Establishments
20,2092,Preparer Of Fresh/Frozen Fish,Nonclassified Establishments
22,2211,Cotton Broadwoven Fabric Mill,Nonclassified Establishments
22,2221,Manmade Broadwoven Fabric Mill,Nonclassified Establishments
22,2231,Wool Broadwoven Fabric Mill,Nonclassified Establishments
22,2241,Narrow Fabric Mill,Nonclassified Establishments
22,2253,Knit Outerwear Mill,Nonclassified Establishments
22,2254,Knit Underwear Mill,Nonclassified Establishments
22,2257,Weft Knit Fabric Mill,Nonclassified Establishments
22,2258,Lace/Warp Knit Fabric Mill,Nonclassified Establishments
22,2259,Knitting Mill,Nonclassified Establishments
22,2261,Cotton Finishing Plant,Nonclassified Establishments
22,2262,Manmade Fabric Finishing Plan,Nonclassified Establishments
22,2269,Finishing Plant,Nonclassified Establishments
22,2273,Manufacturer Of Carpets/Rugs,Nonclassified Establishments
22,2281,Yarn Spinning Mill,Nonclassified Establishments
22,2282,Throwing/Winding Mill,Nonclassified Establishments
22,2284,Thread Mill,Nonclassified Establishments
23,2395,Pleating/Stitching Services,Nonclassified Establishments
24,2411,Logging Mill,Nonclassified Establishments
24,2421,Sawmill/Planing Mill,Nonclassified Establishments
24,2426,Hardwood Dimension/Floor Mill,Nonclassified Establishments
24,2491,Wood Preserver,Nonclassified Establishments
26,2611,Pulp Mill,Nonclassified Establishments
26,2621,Paper Mill,Nonclassified Establishments
28,2875,Fertilizer Mixer,Nonclassified Establishments
29,2911,Petroleum Refinery,Nonclassified Establishments
31,3111,Leather Tanning/Finishing,Nonclassified Establishments
33,3312,Blast Furnace/Steel Works,Nonclassified Establishments
33,3321,Gray/Ductile Iron Foundry,Nonclassified Establishments
33,3324,Steel Investment Foundry,Nonclassified Establishments
33,3325,Steel Foundry,Nonclassified Establishments
33,3339,Primary Metal Producer,Nonclassified Establishments
33,3341,Secondary Metal Producer,Nonclassified Establishments
33,3356,Nonferrous Rolling/Drawing,Nonclassified Establishments
33,3365,Aluminum Foundry,Nonclassified Establishments
33,3366,Copper Foundry,Nonclassified Establishments
33,3369,Nonferrous Metal Foundry,Nonclassified Establishments
33,3398,Metal Heat Treating Service,Nonclassified Establishments
34,3441,Structural Metal Fabrication,Nonclassified Establishments
37,3731,Shipbuilding/Repairing,Nonclassified Establishments
37,3732,Boatbuilding/Repairing,Nonclassified Establishments
42,4212,Local Trucking Company,Nonclassified Establishments
42,4213,Over-The-Road Trucking Company,Nonclassified Establishments
42,4214,Local Trucking Compnay With Storage,Nonclassified Establishments
42,4215,Courier Services,Nonclassified Establishments
42,4221,Farm Product Warehousing,Nonclassified Establishments
42,4222,Refrigerated Storage Service,Nonclassified Establishments
42,4225,General Storage Service,Nonclassified Establishments
42,4226,Special Storage Service,Nonclassified Establishments
42,4231,Truck Terminal Facility,Nonclassified Establishments
43,4311,U.S. Postal Service,Nonclassified Establishments
44,4412,Foreign Sea Freight Transport Service,Nonclassified Establishments
44,4424,Domestic Sea Freight Transport Service,Nonclassified Establishments
44,4449,Water Freight Transport Service,Nonclassified Establishments
44,4482,Ferry Operator,Nonclassified Establishments
44,4489,Water Passenger Transport Service,Nonclassified Establishments
44,4491,Marine Cargo Handler,Nonclassified Establishments
44,4492,Towing/Tugboat Service,Nonclassified Establishments
44,4493,Marina,Nonclassified Establishments
44,4499,Water Transport Services,Nonclassified Establishments
45,4512,Scheduled Air Transportation,Nonclassified Establishments
45,4513,Air Courier Services,Nonclassified Establishments
45,4522,Nonscheduled Air Transport Service,Nonclassified Establishments
45,4581,Airport/Airport Services,Nonclassified Establishments
46,4612,Crude Petroleum Pipelines,Nonclassified Establishments
46,4619,Pipeline Operation Service,Nonclassified Establishments
47,4724,Travel Agency,Nonclassified Establishments
47,4725,Tour Operator,Nonclassified Establishments
47,4729,Transportation Arrangement Service,Nonclassified Establishments
47,4731,Freight Transport Arrangement,Nonclassified Establishments
47,4783,Packing/Crating Services,Nonclassified Establishments
47,4785,Motor Freight Fixed Facility,Nonclassified Establishments
47,4789,Transportation Services,Nonclassified Establishments
48,4812,Radiotelephone Communications,Nonclassified Establishments
48,4813,Telephone Communications Service,Nonclassified Establishments
48,4822,Telegraph Communications Service,Nonclassified Establishments
48,4832,Radio Broadcast Station,Nonclassified Establishments
48,4833,Television Station,Nonclassified Establishments
48,4841,Pay Television Services,Nonclassified Establishments
48,4899,Communication Services,Nonclassified Establishments
49,4911,Electric Services,Nonclassified Establishments
49,4922,Natural Gas Transmission Service,Nonclassified Establishments
49,4923,Gas Transmission/Distribution,Nonclassified Establishments
49,4924,Natural Gas Distribution Service,Nonclassified Establishments
49,4925,Gas Production/Distribution Service,Nonclassified Establishments
49,4931,Electric/Other Utility Service,Nonclassified Establishments
49,4932,Gas/Other Services Combined,Nonclassified Establishments
49,4939,Combination Utility Service,Nonclassified Establishments
49,4941,Water Supply Service,Nonclassified Establishments
49,4952,Sewerage System,Nonclassified Establishments
49,4953,Refuse System,Nonclassified Establishments
49,4959,Sanitary Service,Nonclassified Establishments
49,4961,Steam/Air Conditioning Supply,Nonclassified Establishments
49,4971,Irrigation System,Nonclassified Establishments
50,5051,Metal Service Center,Nonclassified Establishments
51,5171,Petroleum Bulk Stations And Terminals,Nonclassified Establishments
59,5949,"Sewing, Needlework And Piece Goods",Nonclassified Establishments
59,5962,Merchandising Machine Operators,Nonclassified Establishments
70,7032,Sporting And Recreational Camps,Nonclassified Establishments
70,7033,Trailer Parks And Campsites,Nonclassified Establishments
72,7211,"Power Laundries, Family And Commercial",Nonclassified Establishments
72,7212,Garment Pressing And Cleaners' Agents,Nonclassified Establishments
72,7213,Linen Supply Service,Nonclassified Establishments
72,7215,Coin-Operated Laundry,Nonclassified Establishments
72,7216,"Dry Cleaning Plants, Except Rugs",Nonclassified Establishments
72,7217,Carpet And Upholstery Cleaning,Nonclassified Establishments
72,7218,Industrial Laundry Service,Nonclassified Establishments
72,7219,Garment Service,Nonclassified Establishments
73,7383,News Syndicate,Nonclassified Establishments
73,7384,Photofinishing Laboratory,Nonclassified Establishments
75,7513,Truck Rental/Leasing Service,Nonclassified Establishments
75,7542,Carwash,Nonclassified Establishments
78,7832,Motion Picture Theater,Nonclassified Establishments
78,7833,Drive-In Theater,Nonclassified Establishments
78,7841,Video Tape Rental Service,Nonclassified Establishments
79,7911,Dance Studio/School/Hall,Nonclassified Establishments
79,7933,Bowling Center,Nonclassified Establishments
79,7948,Racetrack Operation,Nonclassified Establishments
79,7991,Physical Fitness Facility,Nonclassified Establishments
79,7992,Public Golf Course,Nonclassified Establishments
79,7993,Coin-Operated Amusement Service,Nonclassified Establishments
79,7996,Amusement Park,Nonclassified Establishments
79,7997,Membership Recreation Club,Nonclassified Establishments
84,8422,Botanical/Zoological Garden,Nonclassified Establishments
86,8611,Business Association,Nonclassified Establishments
86,8621,Professional Organization,Nonclassified Establishments
86,8631,Labor Organization,Nonclassified Establishments
86,8641,Civic/Social Association,Nonclassified Establishments
86,8651,Political Organization,Nonclassified Establishments
86,8661,Religious Organization,Nonclassified Establishments
86,8699,Membership Organization,Nonclassified Establishments
87,8711,Engineering Service,Nonclassified Establishments
87,8712,Architectural Service,Nonclassified Establishments
87,8713,Surveying Service,Nonclassified Establishments
87,8721,Accounting/Bookkeeping Service,Nonclassified Establishments
87,8731,Commercial Physical Research,Nonclassified Establishments
87,8732,Commercial Research Service,Nonclassified Establishments
87,8733,Noncommercial Research Service,Nonclassified Establishments
87,8734,Testing Laboratory,Nonclassified Establishments
87,8741,Management Service,Nonclassified Establishments
87,8742,Management Consulting Service,Nonclassified Establishments
87,8743,Public Relations Service,Nonclassified Establishments
87,8744,Facilities Support Service,Nonclassified Establishments
87,8748,Business Consulting Service,Nonclassified Establishments
89,8999,Miscellaneous Service,Nonclassified Establishments
91,9111,Executive Office,Nonclassified Establishments
91,9121,Legislative Body,Nonclassified Establishments
91,9199,General Government,Nonclassified Establishments
92,9211,Courts,Nonclassified Establishments
92,9221,Police Protection,Nonclassified Establishments
92,9222,Legal Counsel/Prosecutor,Nonclassified Establishments
92,9223,Correctional Institutions,Nonclassified Establishments
92,9224,Fire Protection,Nonclassified Establishments
92,9229,Public Order/Safety Administration,Nonclassified Establishments
93,9311,Finance/Monetary Policy Administration,Nonclassified Establishments
94,9411,Educational Programs,Nonclassified Establishments
94,9431,Public Health Programs,Nonclassified Establishments
94,9441,Social/Man-Power Programs,Nonclassified Establishments
94,9451,Veterans' Affairs Administration,Nonclassified Establishments
95,9511,Air/Water/Waste Management Administration,Nonclassified Establishments
95,9512,Land/Wildlife Conservation Adminstration,Nonclassified Establishments
95,9531,Housing Program Administration,Nonclassified Establishments
95,9532,Urban/Community Development Administration,Nonclassified Establishments
96,9611,General Economic Program Administration,Nonclassified Establishments
96,9621,Transportation Regulation Administration,Nonclassified Establishments
96,9631,Utility Regulation Administration,Nonclassified Establishments
96,9641,Agricultural Marketing Programs,Nonclassified Establishments
96,9651,Commercial Regulations Administration,Nonclassified Establishments
96,9661,Space Research/Technology Administration,Nonclassified Establishments
97,9711,National Security,Nonclassified Establishments
97,9721,International Affairs,Nonclassified Establishments
99,9999,Nonclassifiable Establishments,Nonclassified Establishments